id,name,path,brush_like,saved_variant,parameters,associated,unmapped_count,unmapped_fields,visibility_mapping
tool_4,放大,放大鏡 / 放大鏡 / 放大,False,2,2,0,2,ZoomExpand ZoomDragType,unverifiedPrivateIds
tool_5,縮小,放大鏡 / 放大鏡 / 縮小,False,3,2,0,2,ZoomExpand ZoomDragType,unverifiedPrivateIds
tool_8,從描繪色到透明色,漸層 / 漸層 / 從描繪色到透明色,False,195,11,2,9,FillAntiAlias GradationData GradationShapeKind GradationRepeatType GradationMakeLayer ShapeStartCenter LineLockAngle LineLockAngleStep GradationDither,unverifiedPrivateIds
tool_9,從描繪色到背景色,漸層 / 漸層 / 從描繪色到背景色,False,197,11,2,9,FillAntiAlias GradationData GradationShapeKind GradationRepeatType GradationMakeLayer ShapeStartCenter LineLockAngle LineLockAngleStep GradationDither,unverifiedPrivateIds
tool_10,條紋,漸層 / 漸層 / 條紋,False,471,11,2,9,FillAntiAlias GradationData GradationShapeKind GradationRepeatType GradationMakeLayer ShapeStartCenter LineLockAngle LineLockAngleStep GradationDither,unverifiedPrivateIds
tool_11,背景色條紋,漸層 / 漸層 / 背景色條紋,False,199,11,2,9,FillAntiAlias GradationData GradationShapeKind GradationRepeatType GradationMakeLayer ShapeStartCenter LineLockAngle LineLockAngleStep GradationDither,unverifiedPrivateIds
tool_12,光球,漸層 / 漸層 / 光球,False,201,11,2,9,FillAntiAlias GradationData GradationShapeKind GradationRepeatType GradationMakeLayer ShapeStartCenter LineLockAngle LineLockAngleStep GradationDither,unverifiedPrivateIds
tool_13,藍天,漸層 / 漸層 / 藍天,False,203,11,2,9,FillAntiAlias GradationData GradationShapeKind GradationRepeatType GradationMakeLayer ShapeStartCenter LineLockAngle LineLockAngleStep GradationDither,unverifiedPrivateIds
tool_14,白天的天空,漸層 / 漸層 / 白天的天空,False,205,12,2,10,FillAntiAlias GradationData GradationShapeKind GradationRepeatType GradationMakeLayer ShapeStartCenter LineLockAngle LineLockAngleStep GradationDither GradationReverseSaved,unverifiedPrivateIds
tool_15,晚霞,漸層 / 漸層 / 晚霞,False,207,11,2,9,FillAntiAlias GradationData GradationShapeKind GradationRepeatType GradationMakeLayer ShapeStartCenter LineLockAngle LineLockAngleStep GradationDither,unverifiedPrivateIds
tool_16,夜空,漸層 / 漸層 / 夜空,False,209,12,2,10,FillAntiAlias GradationData GradationShapeKind GradationRepeatType GradationMakeLayer ShapeStartCenter LineLockAngle LineLockAngleStep GradationDither GradationReverseSaved,unverifiedPrivateIds
tool_17,彩虹,漸層 / 漸層 / 彩虹,False,211,11,2,9,FillAntiAlias GradationData GradationShapeKind GradationRepeatType GradationMakeLayer ShapeStartCenter LineLockAngle LineLockAngleStep GradationDither,unverifiedPrivateIds
tool_20,手掌,移動 / 移動 / 手掌,False,4,0,0,0,,unverifiedPrivateIds
tool_21,旋轉,移動 / 移動 / 旋轉,False,5,3,0,3,RotateLockAngle RotateLockAngleStep RotateDoubleClick,unverifiedPrivateIds
tool_24,G筆,沾水筆 / 沾水筆 / G筆,True,6,181,181,0,,unverifiedPrivateIds
tool_25,圓筆,沾水筆 / 沾水筆 / 圓筆,True,87,175,175,0,,unverifiedPrivateIds
tool_26,粗線沾水筆,沾水筆 / 沾水筆 / 粗線沾水筆,True,89,179,179,0,,unverifiedPrivateIds
tool_27,美術字,沾水筆 / 沾水筆 / 美術字,True,91,179,179,0,,unverifiedPrivateIds
tool_31,極細記號筆,沾水筆 / 麥克筆 / 極細記號筆,True,7,179,179,0,,unverifiedPrivateIds
tool_37,控制點,線修正 / 線修正 / 控制點,False,175,3,0,3,VectorAllLayer VectorPointOperation VectorPointSavedAsRadio,unverifiedPrivateIds
tool_38,向量線捏手,線修正 / 線修正 / 向量線捏手,False,177,9,1,8,VectorAllLayer VectorPinchOperation VectorPinchLevel VectorPressureForPinchLevel VectorPinchArea VectorPinchAreaUnit VectorAddVeretexByPinch VectorConnectByPinch,unverifiedPrivateIds
tool_39,向量線簡單化,線修正 / 線修正 / 向量線簡單化,True,181,139,126,13,VectorWhole VectorUseSmooth VectorSmoothLevel VectorSmoothCorner VectorWholeForSmooth VectorUseConnect VectorConnectLevel VectorConnectDifferent VectorUseDust VectorDustSize VectorDustSizeUnit VectorChangeCurveKind VectorCurveKindToChange,unverifiedPrivateIds
tool_40,向量線連結,線修正 / 線修正 / 向量線連結,True,461,139,126,13,VectorWhole VectorUseSmooth VectorSmoothLevel VectorSmoothCorner VectorWholeForSmooth VectorUseConnect VectorConnectLevel VectorConnectDifferent VectorUseDust VectorDustSize VectorDustSizeUnit VectorChangeCurveKind VectorCurveKindToChange,unverifiedPrivateIds
tool_41,修正線寬,線修正 / 線修正 / 修正線寬,True,183,82,68,14,VectorWhole LineWidthOperation LineWidthAddValue LineWidthAddValueUnit LineWidthSubtractValue LineWidthSubtractValueUnit LineWidthMultiplyValue LineWidthDivideValue LineWidthConstantValue LineWidthConstantValueUnit LineWidthRemainCoreLine VectorAddVertexByLineWidth LineWidthSmoothLengthValue LineWidthSmoothLengthUnit,unverifiedPrivateIds
tool_55,雜訊,噴槍 / 噴槍 / 雜訊,True,295,175,175,0,,unverifiedPrivateIds
tool_62,塗抹＆溶合,毛筆 / 厚塗 / 塗抹＆溶合,True,109,179,179,0,,unverifiedPrivateIds
tool_83,噴霧,噴槍 / 噴槍 / 噴霧,True,15,174,174,0,,unverifiedPrivateIds
tool_84,沙粒(刮網點用),裝飾 / 網格線、沙粒 / 沙粒(刮網點用),True,303,174,174,0,,unverifiedPrivateIds
tool_85,湮水噴霧,噴槍 / 噴槍 / 湮水噴霧,True,305,175,175,0,,unverifiedPrivateIds
tool_86,飛沫,噴槍 / 噴槍 / 飛沫,True,307,175,175,0,,unverifiedPrivateIds
tool_89,較硬,橡皮擦 / 橡皮擦 / 較硬,True,16,181,181,0,,unverifiedPrivateIds
tool_90,柔軟,橡皮擦 / 橡皮擦 / 柔軟,True,17,179,179,0,,unverifiedPrivateIds
tool_91,粗糙,橡皮擦 / 橡皮擦 / 粗糙,True,18,104,104,0,,unverifiedPrivateIds
tool_92,向量線用,橡皮擦 / 橡皮擦 / 向量線用,True,173,179,179,0,,unverifiedPrivateIds
tool_93,穿透圖層,橡皮擦 / 橡皮擦 / 穿透圖層,True,283,179,179,0,,unverifiedPrivateIds
tool_96,色彩混合,色彩混合 / 色彩混合 / 色彩混合,True,19,179,179,0,,unverifiedPrivateIds
tool_97,模糊,色彩混合 / 色彩混合 / 模糊,True,111,179,179,0,,unverifiedPrivateIds
tool_98,指尖,色彩混合 / 色彩混合 / 指尖,True,113,179,179,0,,unverifiedPrivateIds
tool_99,纖維湮染溶合,色彩混合 / 色彩混合 / 纖維湮染溶合,True,124,180,180,0,,unverifiedPrivateIds
tool_103,僅參照編輯圖層,填充 / 填充 / 僅參照編輯圖層,False,20,32,9,23,FillAntiAlias FillReferMultiLayer FillReferLayerType FillNotReferText FillNotReferDraft FillNotReferCurrent FillNotReferPaper FillUseCloseGap FillCloseGap FillCloseGapUnit FillSoakIntoNarrowArea FillContinuousPixel FillNotReferLocked FillIncludeVectorCenter FillReferDrawFrame FillUseNotStartColor FillNotStartColorRed FillNotStartColorGreen FillNotStartColorBlue IncludeFill IncludeFillColor IncludeFillUseTouchVectorLine IncludeFillTouchVectorLine,unverifiedPrivateIds
tool_104,參照其他圖層,填充 / 填充 / 參照其他圖層,False,21,31,9,22,FillAntiAlias FillReferMultiLayer FillReferLayerType FillNotReferText FillNotReferDraft FillNotReferCurrent FillNotReferPaper FillUseCloseGap FillCloseGap FillCloseGapUnit FillSoakIntoNarrowArea FillContinuousPixel FillNotReferLocked FillIncludeVectorCenter FillReferDrawFrame FillUseNotStartColor FillNotStartColorRed FillNotStartColorGreen FillNotStartColorBlue IncludeFill IncludeFillColor IncludeFillUseTouchVectorLine,unverifiedPrivateIds
tool_105,圍住塗抹,填充 / 填充 / 圍住塗抹,False,147,32,11,21,FillAntiAlias FillReferMultiLayer FillReferLayerType FillNotReferText FillNotReferDraft FillNotReferCurrent FillNotReferPaper FillUseCloseGap FillCloseGap FillCloseGapUnit FillSoakIntoNarrowArea FillReferFrame CloseFillReferColorType ShapeEnableSnap FillNotReferLocked FillIncludeVectorCenter FillReferDrawFrame IncludeFill IncludeFillColor IncludeFillUseTouchVectorLine IncludeFillTouchVectorLine,unverifiedPrivateIds
tool_106,塗抹剩餘部分,填充 / 填充 / 塗抹剩餘部分,True,149,96,76,20,FillAntiAlias FillReferMultiLayer FillReferLayerType FillNotReferText FillNotReferDraft FillNotReferCurrent FillNotReferPaper FillUseCloseGap FillCloseGap FillCloseGapUnit FillSoakIntoNarrowArea FillReferFrame CloseFillReferColorType FillNotReferLocked FillIncludeVectorCenter FillReferDrawFrame IncludeFill IncludeFillColor IncludeFillUseTouchVectorLine IncludeFillTouchVectorLine,unverifiedPrivateIds
tool_109,僅參照編輯圖層選擇,自動選擇 / 自動選擇 / 僅參照編輯圖層選擇,False,22,31,7,24,FillAntiAlias FillReferMultiLayer FillReferLayerType FillNotReferText FillNotReferDraft FillNotReferCurrent FillNotReferPaper FillUseCloseGap FillCloseGap FillCloseGapUnit FillSoakIntoNarrowArea FillContinuousPixel SelectCreateType SelectMoveImage FillNotReferLocked FillIncludeVectorCenter FillReferDrawFrame FillUseNotStartColor FillNotStartColorRed FillNotStartColorGreen FillNotStartColorBlue IncludeFill IncludeFillColor IncludeFillUseTouchVectorLine,unverifiedPrivateIds
tool_110,參照其他圖層選擇,自動選擇 / 自動選擇 / 參照其他圖層選擇,False,23,31,7,24,FillAntiAlias FillReferMultiLayer FillReferLayerType FillNotReferText FillNotReferDraft FillNotReferCurrent FillNotReferPaper FillUseCloseGap FillCloseGap FillCloseGapUnit FillSoakIntoNarrowArea FillContinuousPixel SelectCreateType SelectMoveImage FillNotReferLocked FillIncludeVectorCenter FillReferDrawFrame FillUseNotStartColor FillNotStartColorRed FillNotStartColorGreen FillNotStartColorBlue IncludeFill IncludeFillColor IncludeFillUseTouchVectorLine,unverifiedPrivateIds
tool_111,用於參照圖層選擇,自動選擇 / 自動選擇 / 用於參照圖層選擇,False,459,31,7,24,FillAntiAlias FillReferMultiLayer FillReferLayerType FillNotReferText FillNotReferDraft FillNotReferCurrent FillNotReferPaper FillUseCloseGap FillCloseGap FillCloseGapUnit FillSoakIntoNarrowArea FillContinuousPixel SelectCreateType SelectMoveImage FillNotReferLocked FillIncludeVectorCenter FillReferDrawFrame FillUseNotStartColor FillNotStartColorRed FillNotStartColorGreen FillNotStartColorBlue IncludeFill IncludeFillColor IncludeFillUseTouchVectorLine,unverifiedPrivateIds
tool_114,長方形選擇,選擇範圍 / 選擇範圍 / 長方形選擇,False,24,24,1,23,ShapeStartCenter ShapeEnableSnap SelectCreateType SelectMoveImage ShapeLockAngle ShapeLockAngleStep RotateShape FixedShapeKind FixedShapeVertexNumber FixedShapeUseAspect FixedShapeAspectType FixedShapeWidth FixedShapeWidthUnit FixedShapeHeight FixedShapeHeightUnit FixedShapeWidthRate FixedShapeHeightRate FixedShapeUseRoundCorner FixedShapeRoundSize FixedShapeRoundSizeUnit FixedShapeRoundRate FixedShapeRoundValueType ShapeSnapInnerFrame,unverifiedPrivateIds
tool_115,橢圓選擇,選擇範圍 / 選擇範圍 / 橢圓選擇,False,25,24,1,23,ShapeStartCenter ShapeEnableSnap SelectCreateType SelectMoveImage ShapeLockAngle ShapeLockAngleStep RotateShape FixedShapeKind FixedShapeVertexNumber FixedShapeUseAspect FixedShapeAspectType FixedShapeWidth FixedShapeWidthUnit FixedShapeHeight FixedShapeHeightUnit FixedShapeWidthRate FixedShapeHeightRate FixedShapeUseRoundCorner FixedShapeRoundSize FixedShapeRoundSizeUnit FixedShapeRoundRate FixedShapeRoundValueType ShapeSnapInnerFrame,unverifiedPrivateIds
tool_116,套索選擇,選擇範圍 / 選擇範圍 / 套索選擇,False,26,6,3,3,ShapeEnableSnap SelectCreateType SelectMoveImage,unverifiedPrivateIds
tool_117,折線選擇,選擇範圍 / 選擇範圍 / 折線選擇,False,27,12,1,11,LineLockAngle LineLockAngleStep ShapeEnableSnap SelectCreateType SelectMoveImage ShapeLockAngle ShapeLockAngleStep PolylineCurveKind PolylineClose PolylineDesignationType ShapeSnapInnerFrame,unverifiedPrivateIds
tool_118,選擇筆,選擇範圍 / 選擇範圍 / 選擇筆,True,28,129,127,2,SelectCreateType SelectMoveImage,unverifiedPrivateIds
tool_119,選擇橡皮擦,選擇範圍 / 選擇範圍 / 選擇橡皮擦,True,29,70,68,2,SelectCreateType SelectMoveImage,unverifiedPrivateIds
tool_120,收縮選擇,選擇範圍 / 選擇範圍 / 收縮選擇,False,151,31,9,22,FillAntiAlias FillReferMultiLayer FillReferLayerType FillNotReferText FillNotReferDraft FillNotReferCurrent FillNotReferPaper FillUseCloseGap FillCloseGap FillCloseGapUnit FillSoakIntoNarrowArea FillReferFrame CloseFillReferColorType ShapeEnableSnap SelectCreateType SelectMoveImage FillNotReferLocked FillIncludeVectorCenter FillReferDrawFrame IncludeFill IncludeFillColor IncludeFillUseTouchVectorLine,unverifiedPrivateIds
tool_123,直線,圖形 / 直接描繪 / 直線,True,30,125,119,6,LineLockAngle LineLockAngleStep ShapeEnableSnap ShapeLockAngle ShapeLockAngleStep LineCurveKind,unverifiedPrivateIds
tool_124,曲線,圖形 / 直接描繪 / 曲線,True,31,67,61,6,LineLockAngle LineLockAngleStep ShapeEnableSnap ShapeLockAngle ShapeLockAngleStep LineCurveKind,unverifiedPrivateIds
tool_125,折線,圖形 / 直接描繪 / 折線,True,32,140,120,20,LineLockAngle LineLockAngleStep ShapeEnableSnap ShapeLockAngle ShapeLockAngleStep PolylineCurveKind PolylineClose PolylineDesignationType ShapeStrokeAndFillType ShapeLineColorType ShapeLineColorRed ShapeLineColorGreen ShapeLineColorBlue ShapeFillColorType ShapeFillColorRed ShapeFillColorGreen ShapeFillColorBlue ShapeSnapInnerFrame PolylineShowPrediction PolylineAddAndDeletePoint,unverifiedPrivateIds
tool_126,連續曲線,圖形 / 直接描繪 / 連續曲線,True,33,82,62,20,LineLockAngle LineLockAngleStep ShapeEnableSnap ShapeLockAngle ShapeLockAngleStep PolylineCurveKind PolylineClose PolylineDesignationType ShapeStrokeAndFillType ShapeLineColorType ShapeLineColorRed ShapeLineColorGreen ShapeLineColorBlue ShapeFillColorType ShapeFillColorRed ShapeFillColorGreen ShapeFillColorBlue ShapeSnapInnerFrame PolylineShowPrediction PolylineAddAndDeletePoint,unverifiedPrivateIds
tool_127,套索塗抹,圖形 / 直接描繪 / 套索塗抹,False,34,7,6,1,ShapeEnableSnap,unverifiedPrivateIds
tool_128,長方形,圖形 / 直接描繪 / 長方形,True,35,140,110,30,ShapeStartCenter ShapeEnableSnap ShapeLockAngle ShapeLockAngleStep RotateShape FixedShapeKind FixedShapeVertexNumber FixedShapeUseAspect FixedShapeAspectType FixedShapeWidth FixedShapeWidthUnit FixedShapeHeight FixedShapeHeightUnit FixedShapeWidthRate FixedShapeHeightRate ShapeStrokeAndFillType ShapeLineColorType ShapeLineColorRed ShapeLineColorGreen ShapeLineColorBlue ShapeFillColorType ShapeFillColorRed ShapeFillColorGreen ShapeFillColorBlue FixedShapeUseRoundCorner FixedShapeRoundSize FixedShapeRoundSizeUnit FixedShapeRoundRate FixedShapeRoundValueType ShapeSnapInnerFrame,unverifiedPrivateIds
tool_129,橢圓,圖形 / 直接描繪 / 橢圓,True,36,140,110,30,ShapeStartCenter ShapeEnableSnap ShapeLockAngle ShapeLockAngleStep RotateShape FixedShapeKind FixedShapeVertexNumber FixedShapeUseAspect FixedShapeAspectType FixedShapeWidth FixedShapeWidthUnit FixedShapeHeight FixedShapeHeightUnit FixedShapeWidthRate FixedShapeHeightRate ShapeStrokeAndFillType ShapeLineColorType ShapeLineColorRed ShapeLineColorGreen ShapeLineColorBlue ShapeFillColorType ShapeFillColorRed ShapeFillColorGreen ShapeFillColorBlue FixedShapeUseRoundCorner FixedShapeRoundSize FixedShapeRoundSizeUnit FixedShapeRoundRate FixedShapeRoundValueType ShapeSnapInnerFrame,unverifiedPrivateIds
tool_131,長方形分格,分格邊框 / 製作分格 / 長方形分格,True,42,132,106,26,ShapeStartCenter ShapeEnableSnap ShapeLockAngle ShapeLockAngleStep RotateShape FixedShapeKind FixedShapeVertexNumber FixedShapeUseAspect FixedShapeAspectType FixedShapeWidth FixedShapeWidthUnit FixedShapeHeight FixedShapeHeightUnit FixedShapeWidthRate FixedShapeHeightRate ComicFrameMakeBaseLayer ComicFrameBaseChannel ComicFrameMakeFillLayer ComicFrameDrawLine FixedShapeUseRoundCorner FixedShapeRoundSize FixedShapeRoundSizeUnit FixedShapeRoundRate FixedShapeRoundValueType ShapeSnapInnerFrame ComicFrameInsertType,unverifiedPrivateIds
tool_132,折線分格,分格邊框 / 製作分格 / 折線分格,True,43,62,48,14,LineLockAngle LineLockAngleStep ShapeEnableSnap ShapeLockAngle ShapeLockAngleStep PolylineCurveKind PolylineClose PolylineDesignationType ComicFrameMakeBaseLayer ComicFrameBaseChannel ComicFrameMakeFillLayer ComicFrameDrawLine ShapeSnapInnerFrame ComicFrameInsertType,unverifiedPrivateIds
tool_134,直線尺規,尺規 / 建立尺規 / 直線尺規,True,185,64,56,8,LineLockAngle LineLockAngleStep ShapeEnableSnap LineCurveKind RulerCurrentLayer RulerUseGraduation RulerGraduationType RulerGraduationNumber,unverifiedPrivateIds
tool_135,曲線尺規,尺規 / 建立尺規 / 曲線尺規,False,187,12,1,11,LineLockAngle LineLockAngleStep ShapeEnableSnap PolylineCurveKind PolylineClose PolylineDesignationType RulerCurrentLayer ShapeSnapInnerFrame RulerUseGraduation RulerGraduationType RulerGraduationNumber,unverifiedPrivateIds
tool_136,圖形尺規,尺規 / 建立尺規 / 圖形尺規,False,189,26,1,25,ShapeStartCenter ShapeEnableSnap ShapeLockAngle ShapeLockAngleStep RotateShape FixedShapeKind FixedShapeVertexNumber FixedShapeUseAspect FixedShapeAspectType FixedShapeWidth FixedShapeWidthUnit FixedShapeHeight FixedShapeHeightUnit FixedShapeWidthRate FixedShapeHeightRate RulerCurrentLayer FixedShapeUseRoundCorner FixedShapeRoundSize FixedShapeRoundSizeUnit FixedShapeRoundRate FixedShapeRoundValueType ShapeSnapInnerFrame RulerUseGraduation RulerGraduationType RulerGraduationNumber,unverifiedPrivateIds
tool_137,尺規筆,尺規 / 建立尺規 / 尺規筆,True,191,72,68,4,RulerCurrentLayer RulerUseGraduation RulerGraduationType RulerGraduationNumber,unverifiedPrivateIds
tool_138,特殊尺規,尺規 / 建立尺規 / 特殊尺規,False,193,9,0,9,RulerCurrentLayer SpecialRulerKind SpecialRulerRotate SpecialRulerLockAngle SpecialRulerLockAngleStep SpecialRulerFixAspect SpecialRulerWidthRate SpecialRulerHeightRate SpecialRulerCurveKind,unverifiedPrivateIds
tool_139,輔助線,尺規 / 建立尺規 / 輔助線,False,463,9,0,9,RulerCurrentLayer SpecialRulerKind SpecialRulerRotate SpecialRulerLockAngle SpecialRulerLockAngleStep SpecialRulerFixAspect SpecialRulerWidthRate SpecialRulerHeightRate SpecialRulerCurveKind,unverifiedPrivateIds
tool_142,物件,操作 / 操作 / 物件,False,37,17,0,17,ObjectAllLayer ObjectSelectable ObjectComicFrameSnap ObjectComicFrameLink ObjectVectorChangeWidth ObjectVectorOperation ObjectOperationAtBlank ObjectSelectType ObjectResizableTransformOperation Object3DSnap Object3DSnapFlag Object3DSnapRotationGridInterval TextTransformType TextFixAspect Object3DPivotPoint Object3DMoveOrientation Object3DRotateOrientation,unverifiedPrivateIds
tool_143,選擇圖層,操作 / 操作 / 選擇圖層,False,41,5,0,5,SelectLayerNotSelectText SelectLayerNotSelectDraft SelectLayerNotSelectLocked LayerMoveTarget SelectLayerNotSelectMonochromeFill,unverifiedPrivateIds
tool_146,移動圖層,移動圖層 / 移動圖層 / 移動圖層,False,38,7,0,7,LayerMoveTone LayerMoveClicked LayerMoveInSelectArea LayerMoveSelectLayer LayerMoveGrid LayerMoveTarget LayerMoveRemainOriginal,unverifiedPrivateIds
tool_149,獲取顯示顏色,吸管 / 吸管 / 獲取顯示顏色,False,39,10,0,10,SpuitReferType SpuitUseAroundPixel SpuitAroundPixel SpuitAroundPixelUnit LayerMoveTarget SpuitNotReferText SpuitNotReferDraft SpuitNotReferPaper SpuitNotReferLocked SpuitShowColorCursorByPen,unverifiedPrivateIds
tool_150,從圖層獲取顏色,吸管 / 吸管 / 從圖層獲取顏色,False,40,10,0,10,SpuitReferType SpuitUseAroundPixel SpuitAroundPixel SpuitAroundPixelUnit LayerMoveTarget SpuitNotReferText SpuitNotReferDraft SpuitNotReferPaper SpuitNotReferLocked SpuitShowColorCursorByPen,unverifiedPrivateIds
tool_160,輕盈圓圈,裝飾 / 效果・演出 / 輕盈圓圈,True,363,175,175,0,,unverifiedPrivateIds
tool_168,紗布,裝飾 / 網格線、沙粒 / 紗布,True,329,175,175,0,,unverifiedPrivateIds
tool_169,雲紗,裝飾 / 網格線、沙粒 / 雲紗,True,331,175,175,0,,unverifiedPrivateIds
tool_173,網格線1網,裝飾 / 網格線、沙粒 / 網格線1網,True,339,175,175,0,,unverifiedPrivateIds
tool_174,網格線4網,裝飾 / 網格線、沙粒 / 網格線4網,True,341,175,175,0,,unverifiedPrivateIds
tool_175,網格線(刮網點用),裝飾 / 網格線、沙粒 / 網格線(刮網點用),True,343,175,175,0,,unverifiedPrivateIds
tool_187,星,裝飾 / 邊線 / 星,True,371,175,175,0,,unverifiedPrivateIds
tool_191,旋律,裝飾 / 邊線 / 旋律,True,379,175,175,0,,unverifiedPrivateIds
tool_217,草原,裝飾 / 背景 / 草原,True,427,175,175,0,,unverifiedPrivateIds
tool_221,裂紋,裝飾 / 背景 / 裂紋,True,431,175,175,0,,unverifiedPrivateIds
tool_235,波浪線,裝飾 / 邊線 / 波浪線,True,144,175,175,0,,unverifiedPrivateIds
tool_236,鋸齒狀紋,裝飾 / 邊線 / 鋸齒狀紋,True,253,174,174,0,,unverifiedPrivateIds
tool_237,凹凸不平,裝飾 / 邊線 / 凹凸不平,True,255,174,174,0,,unverifiedPrivateIds
tool_238,虛線,裝飾 / 邊線 / 虛線,True,259,174,174,0,,unverifiedPrivateIds
tool_239,點狀線,裝飾 / 邊線 / 點狀線,True,257,173,173,0,,unverifiedPrivateIds
tool_242,文字,文字 / 文字 / 文字,False,153,57,0,57,TextFontUniqueName TextFontName TextFontSize TextFontStyle TextLineSpace TextVertical TextAlignment TextTateChuYoko TextRubySize TextWordSpace TextEnableHandle TextFastPreview TextInsertType TextOutlineEnable TextOutline TextLineSpacePercent TextLineSpaceType TextRubyFontName TextRubyAlignment TextRubyPosition TextRubyDistance TextRubyWordSpaceJustify TextRubyWordSpace TextAntiAlias TextColorType TextColorBlue TextColorGreen TextColorRed TextHorizontalRatio TextVerticalRatio TextTsume TextAlternateHalfMetrics TextWrapping TextTextAlignment TextBackgroundEnabled TextBackgroundColorRed TextBackgroundColorGreen TextBackgroundColorBlue TextBackgroundAlpha TextEdgeEnabled TextEdgeWidth TextEdgeWidthUnit TextEdgeColorRed TextEdgeColorGreen TextEdgeColorBlue TextTransformType TextFixAspect TextDragOperationType TextToolPropertyKind TextSelectType TextRotation TextHorizontalSkewAngle TextVerticalSkewAngle TextHorizontalReverse TextVerticalReverse TextStandardLigature TextVersion,unverifiedPrivateIds
tool_243,橢圓對白框,對白框 / 對白框 / 橢圓對白框,True,154,82,48,34,ShapeStartCenter ShapeEnableSnap ShapeLockAngle ShapeLockAngleStep RotateShape FixedShapeKind FixedShapeVertexNumber FixedShapeUseAspect FixedShapeAspectType FixedShapeWidth FixedShapeWidthUnit FixedShapeHeight FixedShapeHeightUnit FixedShapeWidthRate FixedShapeHeightRate ShapeStrokeAndFillType ShapeLineColorType ShapeLineColorRed ShapeLineColorGreen ShapeLineColorBlue ShapeFillColorType ShapeFillColorRed ShapeFillColorGreen ShapeFillColorBlue BalloonInsertType FixedShapeUseRoundCorner FixedShapeRoundSize FixedShapeRoundSizeUnit FixedShapeRoundRate FixedShapeRoundValueType BalloonTone BalloonFillOpacity ShapeSnapInnerFrame BalloonUniteText,unverifiedPrivateIds
tool_244,曲線對白框,對白框 / 對白框 / 曲線對白框,True,161,70,48,22,LineLockAngle LineLockAngleStep ShapeEnableSnap ShapeLockAngle ShapeLockAngleStep PolylineCurveKind PolylineClose PolylineDesignationType ShapeStrokeAndFillType ShapeLineColorType ShapeLineColorRed ShapeLineColorGreen ShapeLineColorBlue ShapeFillColorType ShapeFillColorRed ShapeFillColorGreen ShapeFillColorBlue BalloonInsertType BalloonTone BalloonFillOpacity ShapeSnapInnerFrame BalloonUniteText,unverifiedPrivateIds
tool_245,對白框畫筆,對白框 / 對白框 / 對白框畫筆,True,163,81,68,13,ShapeStrokeAndFillType ShapeLineColorType ShapeLineColorRed ShapeLineColorGreen ShapeLineColorBlue ShapeFillColorType ShapeFillColorRed ShapeFillColorGreen ShapeFillColorBlue BalloonInsertType BalloonTone BalloonFillOpacity BalloonUniteText,unverifiedPrivateIds
tool_246,對白框尾部,對白框 / 對白框 / 對白框尾部,False,157,5,1,4,BalloonTailType BalloonTailWidth BalloonTailWidthUnit BalloonTailCurveKind,unverifiedPrivateIds
tool_247,對白框圓形尾部,對白框 / 對白框 / 對白框圓形尾部,False,159,5,1,4,BalloonTailType BalloonTailWidth BalloonTailWidthUnit BalloonTailCurveKind,unverifiedPrivateIds
tool_249,畚斗,線修正 / 畚斗 / 畚斗,False,475,32,1,31,ShapeStartCenter FillReferMultiLayer FillReferLayerType FillNotReferText FillNotReferDraft FillNotReferCurrent FillNotReferPaper ShapeEnableSnap ShapeLockAngle ShapeLockAngleStep RotateShape FixedShapeKind FixedShapeVertexNumber FixedShapeUseAspect FixedShapeAspectType FixedShapeWidth FixedShapeWidthUnit FixedShapeHeight FixedShapeHeightUnit FixedShapeWidthRate FixedShapeHeightRate FillNotReferLocked DustSize DustSizeUnit DustMode FixedShapeUseRoundCorner FixedShapeRoundSize FixedShapeRoundSizeUnit FixedShapeRoundRate FixedShapeRoundValueType ShapeSnapInnerFrame,unverifiedPrivateIds
tool_250,填充剩餘,線修正 / 畚斗 / 填充剩餘,True,477,78,68,10,FillReferMultiLayer FillReferLayerType FillNotReferText FillNotReferDraft FillNotReferCurrent FillNotReferPaper FillNotReferLocked DustSize DustSizeUnit DustMode,unverifiedPrivateIds
tool_251,選擇雜點,線修正 / 畚斗 / 選擇雜點,False,479,16,3,13,FillReferMultiLayer FillReferLayerType FillNotReferText FillNotReferDraft FillNotReferCurrent FillNotReferPaper ShapeEnableSnap SelectCreateType SelectMoveImage FillNotReferLocked DustSize DustSizeUnit DustModeForSelect,unverifiedPrivateIds
tool_252,複製貼圖,色彩混合 / 色彩混合 / 複製貼圖,True,473,136,134,2,StampAdjustPosition StampSetReferPointMode,unverifiedPrivateIds
tool_253,透視尺規,尺規 / 建立尺規 / 透視尺規,False,481,3,0,3,RulerCurrentLayer PerspectiveRulerOperation PerspectiveRulerChangeType,unverifiedPrivateIds
tool_254,點筆,沾水筆 / 麥克筆 / 點筆,False,483,7,7,0,,unverifiedPrivateIds
tool_255,重畫向量線,線修正 / 線修正 / 重畫向量線,False,487,8,3,5,VectorAllLayer VectorPinchOperation VectorConnectByPinch VectorUseSmooth VectorSmoothLevel,unverifiedPrivateIds
tool_256,重畫向量線寬,線修正 / 線修正 / 重畫向量線寬,True,489,4,4,0,,unverifiedPrivateIds
tool_257,多邊形,圖形 / 直接描繪 / 多邊形,True,485,140,110,30,ShapeStartCenter ShapeEnableSnap ShapeLockAngle ShapeLockAngleStep RotateShape FixedShapeKind FixedShapeVertexNumber FixedShapeUseAspect FixedShapeAspectType FixedShapeWidth FixedShapeWidthUnit FixedShapeHeight FixedShapeHeightUnit FixedShapeWidthRate FixedShapeHeightRate ShapeStrokeAndFillType ShapeLineColorType ShapeLineColorRed ShapeLineColorGreen ShapeLineColorBlue ShapeFillColorType ShapeFillColorRed ShapeFillColorGreen ShapeFillColorBlue FixedShapeUseRoundCorner FixedShapeRoundSize FixedShapeRoundSizeUnit FixedShapeRoundRate FixedShapeRoundValueType ShapeSnapInnerFrame,unverifiedPrivateIds
tool_258,分格邊框筆,分格邊框 / 製作分格 / 分格邊框筆,True,491,72,68,4,ComicFrameMakeBaseLayer ComicFrameMakeFillLayer ComicFrameDrawLine ComicFrameInsertType,unverifiedPrivateIds
tool_259,分格資料夾分割,分格邊框 / 剪下分格邊框 / 分格資料夾分割,False,493,9,0,9,LineLockAngle LineLockAngleStep CutFrameCurveKind CutFrameCutFolderType CutFrameUsePreferenceGap CutFrameHorizontalGap CutFrameHorizontalGapUnit CutFrameVerticalGap CutFrameVerticalGapUnit,unverifiedPrivateIds
tool_260,邊框線分割,分格邊框 / 剪下分格邊框 / 邊框線分割,False,495,9,0,9,LineLockAngle LineLockAngleStep CutFrameCurveKind CutFrameCutFolderType CutFrameUsePreferenceGap CutFrameHorizontalGap CutFrameHorizontalGapUnit CutFrameVerticalGap CutFrameVerticalGapUnit,unverifiedPrivateIds
tool_261,漸層橡皮擦,漸層 / 漸層 / 漸層橡皮擦,False,497,11,2,9,FillAntiAlias GradationData GradationShapeKind GradationRepeatType GradationMakeLayer ShapeStartCenter LineLockAngle LineLockAngleStep GradationDither,unverifiedPrivateIds
tool_262,對稱尺規,尺規 / 建立尺規 / 對稱尺規,False,499,5,0,5,RulerCurrentLayer SpecialRulerLockAngle SpecialRulerLockAngleStep SymmetryRulerLineNumber SymmetryRulerLineSymmetry,unverifiedPrivateIds
tool_264,稀疏流線,圖形 / 流線 / 稀疏流線,True,501,153,116,37,LineLockAngle LineLockAngleStep ShapeEnableSnap PolylineClose PolylineDesignationType BalloonTone ShapeSnapInnerFrame PolylineCurveKindWithoutCubic StreamMakeCurve StreamLineLength StreamLineLengthUnit StreamUseLineLengthDisturb StreamLineLengthDisturb StreamExtendToFrame StreamBrushSize StreamBrushSizeUnit StreamUseBrushSizeDisturb StreamBrushSizeDisturb StreamUseIntervalDisturb StreamIntervalDisturb StreamUseStartGapDisturb StreamStartGapDisturb StreamStartGapDisturbUnit StreamUseGroup StreamGroupSize StreamUseGroupDisturb StreamGroupDisturb StreamGroupGap ParallelStreamMakeLayer ParallelStreamUseRuler ParallelStreamMaxLineNumber ParallelStreamLineAngle ParallelStreamInterval ParallelStreamIntervalUnit ParallelStreamBasePointType PolylineShowPrediction PolylineAddAndDeletePoint,unverifiedPrivateIds
tool_265,濃密流線,圖形 / 流線 / 濃密流線,True,503,93,58,35,LineLockAngle LineLockAngleStep ShapeEnableSnap PolylineClose PolylineDesignationType BalloonTone ShapeSnapInnerFrame PolylineCurveKindWithoutCubic StreamMakeCurve StreamLineLength StreamLineLengthUnit StreamUseLineLengthDisturb StreamLineLengthDisturb StreamExtendToFrame StreamBrushSize StreamBrushSizeUnit StreamUseBrushSizeDisturb StreamBrushSizeDisturb StreamUseIntervalDisturb StreamIntervalDisturb StreamUseStartGapDisturb StreamStartGapDisturb StreamStartGapDisturbUnit StreamUseGroup StreamGroupSize StreamUseGroupDisturb StreamGroupDisturb StreamGroupGap ParallelStreamMakeLayer ParallelStreamUseRuler ParallelStreamMaxLineNumber ParallelStreamLineAngle ParallelStreamInterval ParallelStreamIntervalUnit ParallelStreamBasePointType,unverifiedPrivateIds
tool_266,陰沉,圖形 / 流線 / 陰沉,True,505,93,58,35,LineLockAngle LineLockAngleStep ShapeEnableSnap PolylineClose PolylineDesignationType BalloonTone ShapeSnapInnerFrame PolylineCurveKindWithoutCubic StreamMakeCurve StreamLineLength StreamLineLengthUnit StreamUseLineLengthDisturb StreamLineLengthDisturb StreamExtendToFrame StreamBrushSize StreamBrushSizeUnit StreamUseBrushSizeDisturb StreamBrushSizeDisturb StreamUseIntervalDisturb StreamIntervalDisturb StreamUseStartGapDisturb StreamStartGapDisturb StreamStartGapDisturbUnit StreamUseGroup StreamGroupSize StreamUseGroupDisturb StreamGroupDisturb StreamGroupGap ParallelStreamMakeLayer ParallelStreamUseRuler ParallelStreamMaxLineNumber ParallelStreamLineAngle ParallelStreamInterval ParallelStreamIntervalUnit ParallelStreamBasePointType,unverifiedPrivateIds
tool_267,雨,圖形 / 流線 / 雨,True,507,93,58,35,LineLockAngle LineLockAngleStep ShapeEnableSnap PolylineClose PolylineDesignationType BalloonTone ShapeSnapInnerFrame PolylineCurveKindWithoutCubic StreamMakeCurve StreamLineLength StreamLineLengthUnit StreamUseLineLengthDisturb StreamLineLengthDisturb StreamExtendToFrame StreamBrushSize StreamBrushSizeUnit StreamUseBrushSizeDisturb StreamBrushSizeDisturb StreamUseIntervalDisturb StreamIntervalDisturb StreamUseStartGapDisturb StreamStartGapDisturb StreamStartGapDisturbUnit StreamUseGroup StreamGroupSize StreamUseGroupDisturb StreamGroupDisturb StreamGroupGap ParallelStreamMakeLayer ParallelStreamUseRuler ParallelStreamMaxLineNumber ParallelStreamLineAngle ParallelStreamInterval ParallelStreamIntervalUnit ParallelStreamBasePointType,unverifiedPrivateIds
tool_269,稀疏集中線,圖形 / 集中線 / 稀疏集中線,True,509,121,58,63,ShapeStartCenter ShapeEnableSnap ShapeLockAngle ShapeLockAngleStep RotateShape FixedShapeKind FixedShapeVertexNumber FixedShapeUseAspect FixedShapeAspectType FixedShapeWidth FixedShapeWidthUnit FixedShapeHeight FixedShapeHeightUnit FixedShapeWidthRate FixedShapeHeightRate ShapeLineColorType ShapeLineColorRed ShapeLineColorGreen ShapeLineColorBlue ShapeFillColorType ShapeFillColorRed ShapeFillColorGreen ShapeFillColorBlue FixedShapeUseRoundCorner FixedShapeRoundSize FixedShapeRoundSizeUnit FixedShapeRoundRate FixedShapeRoundValueType BalloonTone ShapeSnapInnerFrame StreamMakeCurve StreamLineLength StreamLineLengthUnit StreamUseLineLengthDisturb StreamLineLengthDisturb StreamExtendToFrame StreamBrushSize StreamBrushSizeUnit StreamUseBrushSizeDisturb StreamBrushSizeDisturb StreamUseIntervalDisturb StreamIntervalDisturb StreamUseStartGapDisturb StreamStartGapDisturb StreamStartGapDisturbUnit StreamUseGroup StreamGroupSize StreamUseGroupDisturb StreamGroupDisturb StreamGroupGap ConcentrateStreamMakeLayer ConcentrateStreamUseRuler ConcentrateStreamIntervalType ConcentrateStreamIntervalAngle ConcentrateStreamIntervalDistance ConcentrateStreamIntervalDistanceUnit ConcentrateStreamBasePointType StreamUseJag StreamJagNumber StreamJagLength StreamJagLengthUnit ConcentrateStreamUseFill ConcentrateStreamFillOpacity,unverifiedPrivateIds
tool_270,濃密集中線(指定曲線),圖形 / 集中線 / 濃密集中線(指定曲線),True,511,107,58,49,LineLockAngle LineLockAngleStep ShapeEnableSnap PolylineClose PolylineDesignationType ShapeLineColorType ShapeLineColorRed ShapeLineColorGreen ShapeLineColorBlue ShapeFillColorType ShapeFillColorRed ShapeFillColorGreen ShapeFillColorBlue BalloonTone ShapeSnapInnerFrame PolylineCurveKindWithoutCubic StreamMakeCurve StreamLineLength StreamLineLengthUnit StreamUseLineLengthDisturb StreamLineLengthDisturb StreamExtendToFrame StreamBrushSize StreamBrushSizeUnit StreamUseBrushSizeDisturb StreamBrushSizeDisturb StreamUseIntervalDisturb StreamIntervalDisturb StreamUseStartGapDisturb StreamStartGapDisturb StreamStartGapDisturbUnit StreamUseGroup StreamGroupSize StreamUseGroupDisturb StreamGroupDisturb StreamGroupGap ConcentrateStreamMakeLayer ConcentrateStreamUseRuler ConcentrateStreamIntervalType ConcentrateStreamIntervalAngle ConcentrateStreamIntervalDistance ConcentrateStreamIntervalDistanceUnit ConcentrateStreamBasePointType StreamUseJag StreamJagNumber StreamJagLength StreamJagLengthUnit ConcentrateStreamUseFill ConcentrateStreamFillOpacity,unverifiedPrivateIds
tool_271,緻密集中線,圖形 / 集中線 / 緻密集中線,True,513,121,58,63,ShapeStartCenter ShapeEnableSnap ShapeLockAngle ShapeLockAngleStep RotateShape FixedShapeKind FixedShapeVertexNumber FixedShapeUseAspect FixedShapeAspectType FixedShapeWidth FixedShapeWidthUnit FixedShapeHeight FixedShapeHeightUnit FixedShapeWidthRate FixedShapeHeightRate ShapeLineColorType ShapeLineColorRed ShapeLineColorGreen ShapeLineColorBlue ShapeFillColorType ShapeFillColorRed ShapeFillColorGreen ShapeFillColorBlue FixedShapeUseRoundCorner FixedShapeRoundSize FixedShapeRoundSizeUnit FixedShapeRoundRate FixedShapeRoundValueType BalloonTone ShapeSnapInnerFrame StreamMakeCurve StreamLineLength StreamLineLengthUnit StreamUseLineLengthDisturb StreamLineLengthDisturb StreamExtendToFrame StreamBrushSize StreamBrushSizeUnit StreamUseBrushSizeDisturb StreamBrushSizeDisturb StreamUseIntervalDisturb StreamIntervalDisturb StreamUseStartGapDisturb StreamStartGapDisturb StreamStartGapDisturbUnit StreamUseGroup StreamGroupSize StreamUseGroupDisturb StreamGroupDisturb StreamGroupGap ConcentrateStreamMakeLayer ConcentrateStreamUseRuler ConcentrateStreamIntervalType ConcentrateStreamIntervalAngle ConcentrateStreamIntervalDistance ConcentrateStreamIntervalDistanceUnit ConcentrateStreamBasePointType StreamUseJag StreamJagNumber StreamJagLength StreamJagLengthUnit ConcentrateStreamUseFill ConcentrateStreamFillOpacity,unverifiedPrivateIds
tool_272,開朗,圖形 / 集中線 / 開朗,True,515,121,58,63,ShapeStartCenter ShapeEnableSnap ShapeLockAngle ShapeLockAngleStep RotateShape FixedShapeKind FixedShapeVertexNumber FixedShapeUseAspect FixedShapeAspectType FixedShapeWidth FixedShapeWidthUnit FixedShapeHeight FixedShapeHeightUnit FixedShapeWidthRate FixedShapeHeightRate ShapeLineColorType ShapeLineColorRed ShapeLineColorGreen ShapeLineColorBlue ShapeFillColorType ShapeFillColorRed ShapeFillColorGreen ShapeFillColorBlue FixedShapeUseRoundCorner FixedShapeRoundSize FixedShapeRoundSizeUnit FixedShapeRoundRate FixedShapeRoundValueType BalloonTone ShapeSnapInnerFrame StreamMakeCurve StreamLineLength StreamLineLengthUnit StreamUseLineLengthDisturb StreamLineLengthDisturb StreamExtendToFrame StreamBrushSize StreamBrushSizeUnit StreamUseBrushSizeDisturb StreamBrushSizeDisturb StreamUseIntervalDisturb StreamIntervalDisturb StreamUseStartGapDisturb StreamStartGapDisturb StreamStartGapDisturbUnit StreamUseGroup StreamGroupSize StreamUseGroupDisturb StreamGroupDisturb StreamGroupGap ConcentrateStreamMakeLayer ConcentrateStreamUseRuler ConcentrateStreamIntervalType ConcentrateStreamIntervalAngle ConcentrateStreamIntervalDistance ConcentrateStreamIntervalDistanceUnit ConcentrateStreamBasePointType StreamUseJag StreamJagNumber StreamJagLength StreamJagLengthUnit ConcentrateStreamUseFill ConcentrateStreamFillOpacity,unverifiedPrivateIds
tool_273,破碎,圖形 / 集中線 / 破碎,True,517,121,58,63,ShapeStartCenter ShapeEnableSnap ShapeLockAngle ShapeLockAngleStep RotateShape FixedShapeKind FixedShapeVertexNumber FixedShapeUseAspect FixedShapeAspectType FixedShapeWidth FixedShapeWidthUnit FixedShapeHeight FixedShapeHeightUnit FixedShapeWidthRate FixedShapeHeightRate ShapeLineColorType ShapeLineColorRed ShapeLineColorGreen ShapeLineColorBlue ShapeFillColorType ShapeFillColorRed ShapeFillColorGreen ShapeFillColorBlue FixedShapeUseRoundCorner FixedShapeRoundSize FixedShapeRoundSizeUnit FixedShapeRoundRate FixedShapeRoundValueType BalloonTone ShapeSnapInnerFrame StreamMakeCurve StreamLineLength StreamLineLengthUnit StreamUseLineLengthDisturb StreamLineLengthDisturb StreamExtendToFrame StreamBrushSize StreamBrushSizeUnit StreamUseBrushSizeDisturb StreamBrushSizeDisturb StreamUseIntervalDisturb StreamIntervalDisturb StreamUseStartGapDisturb StreamStartGapDisturb StreamStartGapDisturbUnit StreamUseGroup StreamGroupSize StreamUseGroupDisturb StreamGroupDisturb StreamGroupGap ConcentrateStreamMakeLayer ConcentrateStreamUseRuler ConcentrateStreamIntervalType ConcentrateStreamIntervalAngle ConcentrateStreamIntervalDistance ConcentrateStreamIntervalDistanceUnit ConcentrateStreamBasePointType StreamUseJag StreamJagNumber StreamJagLength StreamJagLengthUnit ConcentrateStreamUseFill ConcentrateStreamFillOpacity,unverifiedPrivateIds
tool_275,反白效果線,對白框 / 效果線 / 反白效果線,True,519,121,58,63,ShapeStartCenter ShapeEnableSnap ShapeLockAngle ShapeLockAngleStep RotateShape FixedShapeKind FixedShapeVertexNumber FixedShapeUseAspect FixedShapeAspectType FixedShapeWidth FixedShapeWidthUnit FixedShapeHeight FixedShapeHeightUnit FixedShapeWidthRate FixedShapeHeightRate ShapeLineColorType ShapeLineColorRed ShapeLineColorGreen ShapeLineColorBlue ShapeFillColorType ShapeFillColorRed ShapeFillColorGreen ShapeFillColorBlue FixedShapeUseRoundCorner FixedShapeRoundSize FixedShapeRoundSizeUnit FixedShapeRoundRate FixedShapeRoundValueType BalloonTone ShapeSnapInnerFrame StreamMakeCurve StreamLineLength StreamLineLengthUnit StreamUseLineLengthDisturb StreamLineLengthDisturb StreamExtendToFrame StreamBrushSize StreamBrushSizeUnit StreamUseBrushSizeDisturb StreamBrushSizeDisturb StreamUseIntervalDisturb StreamIntervalDisturb StreamUseStartGapDisturb StreamStartGapDisturb StreamStartGapDisturbUnit StreamUseGroup StreamGroupSize StreamUseGroupDisturb StreamGroupDisturb StreamGroupGap ConcentrateStreamMakeLayer ConcentrateStreamUseRuler ConcentrateStreamIntervalType ConcentrateStreamIntervalAngle ConcentrateStreamIntervalDistance ConcentrateStreamIntervalDistanceUnit ConcentrateStreamBasePointType StreamUseJag StreamJagNumber StreamJagLength StreamJagLengthUnit ConcentrateStreamUseFill ConcentrateStreamFillOpacity,unverifiedPrivateIds
tool_276,效果線,對白框 / 效果線 / 效果線,True,521,121,58,63,ShapeStartCenter ShapeEnableSnap ShapeLockAngle ShapeLockAngleStep RotateShape FixedShapeKind FixedShapeVertexNumber FixedShapeUseAspect FixedShapeAspectType FixedShapeWidth FixedShapeWidthUnit FixedShapeHeight FixedShapeHeightUnit FixedShapeWidthRate FixedShapeHeightRate ShapeLineColorType ShapeLineColorRed ShapeLineColorGreen ShapeLineColorBlue ShapeFillColorType ShapeFillColorRed ShapeFillColorGreen ShapeFillColorBlue FixedShapeUseRoundCorner FixedShapeRoundSize FixedShapeRoundSizeUnit FixedShapeRoundRate FixedShapeRoundValueType BalloonTone ShapeSnapInnerFrame StreamMakeCurve StreamLineLength StreamLineLengthUnit StreamUseLineLengthDisturb StreamLineLengthDisturb StreamExtendToFrame StreamBrushSize StreamBrushSizeUnit StreamUseBrushSizeDisturb StreamBrushSizeDisturb StreamUseIntervalDisturb StreamIntervalDisturb StreamUseStartGapDisturb StreamStartGapDisturb StreamStartGapDisturbUnit StreamUseGroup StreamGroupSize StreamUseGroupDisturb StreamGroupDisturb StreamGroupGap ConcentrateStreamMakeLayer ConcentrateStreamUseRuler ConcentrateStreamIntervalType ConcentrateStreamIntervalAngle ConcentrateStreamIntervalDistance ConcentrateStreamIntervalDistanceUnit ConcentrateStreamBasePointType StreamUseJag StreamJagNumber StreamJagLength StreamJagLengthUnit ConcentrateStreamUseFill ConcentrateStreamFillOpacity,unverifiedPrivateIds
tool_277,緻密效果線,對白框 / 效果線 / 緻密效果線,True,523,121,58,63,ShapeStartCenter ShapeEnableSnap ShapeLockAngle ShapeLockAngleStep RotateShape FixedShapeKind FixedShapeVertexNumber FixedShapeUseAspect FixedShapeAspectType FixedShapeWidth FixedShapeWidthUnit FixedShapeHeight FixedShapeHeightUnit FixedShapeWidthRate FixedShapeHeightRate ShapeLineColorType ShapeLineColorRed ShapeLineColorGreen ShapeLineColorBlue ShapeFillColorType ShapeFillColorRed ShapeFillColorGreen ShapeFillColorBlue FixedShapeUseRoundCorner FixedShapeRoundSize FixedShapeRoundSizeUnit FixedShapeRoundRate FixedShapeRoundValueType BalloonTone ShapeSnapInnerFrame StreamMakeCurve StreamLineLength StreamLineLengthUnit StreamUseLineLengthDisturb StreamLineLengthDisturb StreamExtendToFrame StreamBrushSize StreamBrushSizeUnit StreamUseBrushSizeDisturb StreamBrushSizeDisturb StreamUseIntervalDisturb StreamIntervalDisturb StreamUseStartGapDisturb StreamStartGapDisturb StreamStartGapDisturbUnit StreamUseGroup StreamGroupSize StreamUseGroupDisturb StreamGroupDisturb StreamGroupGap ConcentrateStreamMakeLayer ConcentrateStreamUseRuler ConcentrateStreamIntervalType ConcentrateStreamIntervalAngle ConcentrateStreamIntervalDistance ConcentrateStreamIntervalDistanceUnit ConcentrateStreamBasePointType StreamUseJag StreamJagNumber StreamJagLength StreamJagLengthUnit ConcentrateStreamUseFill ConcentrateStreamFillOpacity,unverifiedPrivateIds
tool_278,海膽效果線,對白框 / 效果線 / 海膽效果線,True,525,121,58,63,ShapeStartCenter ShapeEnableSnap ShapeLockAngle ShapeLockAngleStep RotateShape FixedShapeKind FixedShapeVertexNumber FixedShapeUseAspect FixedShapeAspectType FixedShapeWidth FixedShapeWidthUnit FixedShapeHeight FixedShapeHeightUnit FixedShapeWidthRate FixedShapeHeightRate ShapeLineColorType ShapeLineColorRed ShapeLineColorGreen ShapeLineColorBlue ShapeFillColorType ShapeFillColorRed ShapeFillColorGreen ShapeFillColorBlue FixedShapeUseRoundCorner FixedShapeRoundSize FixedShapeRoundSizeUnit FixedShapeRoundRate FixedShapeRoundValueType BalloonTone ShapeSnapInnerFrame StreamMakeCurve StreamLineLength StreamLineLengthUnit StreamUseLineLengthDisturb StreamLineLengthDisturb StreamExtendToFrame StreamBrushSize StreamBrushSizeUnit StreamUseBrushSizeDisturb StreamBrushSizeDisturb StreamUseIntervalDisturb StreamIntervalDisturb StreamUseStartGapDisturb StreamStartGapDisturb StreamStartGapDisturbUnit StreamUseGroup StreamGroupSize StreamUseGroupDisturb StreamGroupDisturb StreamGroupGap ConcentrateStreamMakeLayer ConcentrateStreamUseRuler ConcentrateStreamIntervalType ConcentrateStreamIntervalAngle ConcentrateStreamIntervalDistance ConcentrateStreamIntervalDistanceUnit ConcentrateStreamBasePointType StreamUseJag StreamJagNumber StreamJagLength StreamJagLengthUnit ConcentrateStreamUseFill ConcentrateStreamFillOpacity,unverifiedPrivateIds
tool_279,煙火,對白框 / 效果線 / 煙火,True,527,121,58,63,ShapeStartCenter ShapeEnableSnap ShapeLockAngle ShapeLockAngleStep RotateShape FixedShapeKind FixedShapeVertexNumber FixedShapeUseAspect FixedShapeAspectType FixedShapeWidth FixedShapeWidthUnit FixedShapeHeight FixedShapeHeightUnit FixedShapeWidthRate FixedShapeHeightRate ShapeLineColorType ShapeLineColorRed ShapeLineColorGreen ShapeLineColorBlue ShapeFillColorType ShapeFillColorRed ShapeFillColorGreen ShapeFillColorBlue FixedShapeUseRoundCorner FixedShapeRoundSize FixedShapeRoundSizeUnit FixedShapeRoundRate FixedShapeRoundValueType BalloonTone ShapeSnapInnerFrame StreamMakeCurve StreamLineLength StreamLineLengthUnit StreamUseLineLengthDisturb StreamLineLengthDisturb StreamExtendToFrame StreamBrushSize StreamBrushSizeUnit StreamUseBrushSizeDisturb StreamBrushSizeDisturb StreamUseIntervalDisturb StreamIntervalDisturb StreamUseStartGapDisturb StreamStartGapDisturb StreamStartGapDisturbUnit StreamUseGroup StreamGroupSize StreamUseGroupDisturb StreamGroupDisturb StreamGroupGap ConcentrateStreamMakeLayer ConcentrateStreamUseRuler ConcentrateStreamIntervalType ConcentrateStreamIntervalAngle ConcentrateStreamIntervalDistance ConcentrateStreamIntervalDistanceUnit ConcentrateStreamBasePointType StreamUseJag StreamJagNumber StreamJagLength StreamJagLengthUnit ConcentrateStreamUseFill ConcentrateStreamFillOpacity,unverifiedPrivateIds
tool_282,普通填充,漸層 / 等高線填充 / 普通填充,False,529,32,7,25,FillAntiAlias FillReferMultiLayer FillReferLayerType FillNotReferText FillNotReferDraft FillNotReferCurrent FillNotReferPaper FillUseCloseGap FillCloseGap FillCloseGapUnit FillSoakIntoNarrowArea FillContinuousPixel FillNotReferLocked ContourFillUseBlack ContourFillUseTrans ContourFillBlendGraph FillIncludeVectorCenter FillReferDrawFrame FillUseNotStartColor FillNotStartColorRed FillNotStartColorGreen FillNotStartColorBlue IncludeFill IncludeFillColor IncludeFillUseTouchVectorLine,unverifiedPrivateIds
tool_283,最淺的陰影,漸層 / 等高線填充 / 最淺的陰影,False,530,32,7,25,FillAntiAlias FillReferMultiLayer FillReferLayerType FillNotReferText FillNotReferDraft FillNotReferCurrent FillNotReferPaper FillUseCloseGap FillCloseGap FillCloseGapUnit FillSoakIntoNarrowArea FillContinuousPixel FillNotReferLocked ContourFillUseBlack ContourFillUseTrans ContourFillBlendGraph FillIncludeVectorCenter FillReferDrawFrame FillUseNotStartColor FillNotStartColorRed FillNotStartColorGreen FillNotStartColorBlue IncludeFill IncludeFillColor IncludeFillUseTouchVectorLine,unverifiedPrivateIds
tool_284,最深的陰影,漸層 / 等高線填充 / 最深的陰影,False,531,32,7,25,FillAntiAlias FillReferMultiLayer FillReferLayerType FillNotReferText FillNotReferDraft FillNotReferCurrent FillNotReferPaper FillUseCloseGap FillCloseGap FillCloseGapUnit FillSoakIntoNarrowArea FillContinuousPixel FillNotReferLocked ContourFillUseBlack ContourFillUseTrans ContourFillBlendGraph FillIncludeVectorCenter FillReferDrawFrame FillUseNotStartColor FillNotStartColorRed FillNotStartColorGreen FillNotStartColorBlue IncludeFill IncludeFillColor IncludeFillUseTouchVectorLine,unverifiedPrivateIds
tool_285,透光桌,操作 / 操作 / 透光桌,False,535,3,0,3,LightTableTouchOperation LightTableDragOperation LightTableClickOperation,unverifiedPrivateIds
tool_286,編輯時間軸,操作 / 操作 / 編輯時間軸,False,537,2,0,2,TimeLineNext TimeLineDragType,unverifiedPrivateIds
tool_287,漫畫用漸層,漸層 / 漸層 / 漫畫用漸層,False,541,11,2,9,FillAntiAlias GradationData GradationShapeKind GradationRepeatType GradationMakeLayer ShapeStartCenter LineLockAngle LineLockAngleStep GradationDither,unverifiedPrivateIds
tool_289,對齊橡皮擦,橡皮擦 / 橡皮擦 / 對齊橡皮擦,True,539,178,178,0,,unverifiedPrivateIds
tool_290,移動網點花樣,移動圖層 / 移動圖層 / 移動網點花樣,False,543,6,0,6,LayerMoveClicked LayerMoveInSelectArea LayerMoveSelectLayer LayerMoveGrid LayerMoveTarget LayerMoveRemainOriginal,unverifiedPrivateIds
tool_291,移動柵格,移動圖層 / 移動圖層 / 移動柵格,False,545,6,0,6,LayerMoveClicked LayerMoveInSelectArea LayerMoveSelectLayer LayerMoveGrid LayerMoveTarget LayerMoveRemainOriginal,unverifiedPrivateIds
tool_301,擬真G筆,沾水筆 / 沾水筆 / 擬真G筆,True,570,175,175,0,,unverifiedPrivateIds
tool_307,暈染水彩,毛筆 / 水彩 / 暈染水彩,True,577,180,180,0,,unverifiedPrivateIds
tool_308,粗糙水彩,毛筆 / 水彩 / 粗糙水彩,True,579,180,180,0,,unverifiedPrivateIds
tool_309,保留質感溶合,色彩混合 / 色彩混合 / 保留質感溶合,True,581,180,180,0,,unverifiedPrivateIds
tool_310,水筆,毛筆 / 水彩 / 水筆,True,583,180,180,0,,unverifiedPrivateIds
tool_312,乾燥紙質不透明水彩,毛筆 / 厚塗 / 乾燥紙質不透明水彩,True,587,180,180,0,,unverifiedPrivateIds
tool_313,紙質不透明水彩細筆,毛筆 / 厚塗 / 紙質不透明水彩細筆,True,589,180,180,0,,unverifiedPrivateIds
tool_315,紙質不透明水彩溶合,毛筆 / 厚塗 / 紙質不透明水彩溶合,True,593,180,180,0,,unverifiedPrivateIds
tool_316,軟橡皮擦,橡皮擦 / 橡皮擦 / 軟橡皮擦,True,595,180,180,0,,unverifiedPrivateIds
tool_317,圓角對白框,對白框 / 對白框 / 圓角對白框,True,599,139,105,34,ShapeStartCenter ShapeEnableSnap ShapeLockAngle ShapeLockAngleStep RotateShape FixedShapeKind FixedShapeVertexNumber FixedShapeUseAspect FixedShapeAspectType FixedShapeWidth FixedShapeWidthUnit FixedShapeHeight FixedShapeHeightUnit FixedShapeWidthRate FixedShapeHeightRate ShapeStrokeAndFillType ShapeLineColorType ShapeLineColorRed ShapeLineColorGreen ShapeLineColorBlue ShapeFillColorType ShapeFillColorRed ShapeFillColorGreen ShapeFillColorBlue BalloonInsertType FixedShapeUseRoundCorner FixedShapeRoundSize FixedShapeRoundSizeUnit FixedShapeRoundRate FixedShapeRoundValueType BalloonTone BalloonFillOpacity ShapeSnapInnerFrame BalloonUniteText,unverifiedPrivateIds
tool_321,貝茲曲線,圖形 / 直接描繪 / 貝茲曲線,True,607,81,61,20,LineLockAngle LineLockAngleStep ShapeEnableSnap ShapeLockAngle ShapeLockAngleStep PolylineCurveKind PolylineClose PolylineDesignationType ShapeStrokeAndFillType ShapeLineColorType ShapeLineColorRed ShapeLineColorGreen ShapeLineColorBlue ShapeFillColorType ShapeFillColorRed ShapeFillColorGreen ShapeFillColorBlue ShapeSnapInnerFrame PolylineShowPrediction PolylineAddAndDeletePoint,unverifiedPrivateIds
tool_322,粗澀筆,沾水筆 / 沾水筆 / 粗澀筆,True,609,173,173,0,,unverifiedPrivateIds
tool_323,簽字筆,沾水筆 / 麥克筆 / 簽字筆,True,611,177,177,0,,unverifiedPrivateIds
tool_331,潑墨水彩,毛筆 / 水彩 / 潑墨水彩,True,627,180,180,0,,unverifiedPrivateIds
tool_332,混色圓筆,毛筆 / 厚塗 / 混色圓筆,True,631,177,177,0,,unverifiedPrivateIds
tool_339,暈染墨筆,毛筆 / 墨 / 暈染墨筆,True,645,180,180,0,,unverifiedPrivateIds
tool_340,柔軟,噴槍 / 噴槍 / 柔軟,True,647,178,178,0,,unverifiedPrivateIds
tool_341,毛筆溶合,色彩混合 / 色彩混合 / 毛筆溶合,True,649,178,178,0,,unverifiedPrivateIds
tool_342,閃耀,裝飾 / 效果・演出 / 閃耀,True,651,173,173,0,,unverifiedPrivateIds
tool_343,血跡,裝飾 / 效果・演出 / 血跡,True,653,174,174,0,,unverifiedPrivateIds
tool_344,光點,裝飾 / 效果・演出 / 光點,True,655,172,172,0,,unverifiedPrivateIds
tool_346,羽毛,裝飾 / 效果・演出 / 羽毛,True,659,173,173,0,,unverifiedPrivateIds
tool_347,花瓣,裝飾 / 效果・演出 / 花瓣,True,661,173,173,0,,unverifiedPrivateIds
tool_348,玫瑰,裝飾 / 效果・演出 / 玫瑰,True,663,174,174,0,,unverifiedPrivateIds
tool_349,櫻花,裝飾 / 效果・演出 / 櫻花,True,665,173,173,0,,unverifiedPrivateIds
tool_352,草叢,裝飾 / 背景 / 草叢,True,691,173,173,0,,unverifiedPrivateIds
tool_353,樹木,裝飾 / 背景 / 樹木,True,693,173,173,0,,unverifiedPrivateIds
tool_354,草,裝飾 / 背景 / 草,True,695,173,173,0,,unverifiedPrivateIds
tool_355,落葉,裝飾 / 背景 / 落葉,True,697,173,173,0,,unverifiedPrivateIds
tool_356,地面,裝飾 / 背景 / 地面,True,699,173,173,0,,unverifiedPrivateIds
tool_357,雲,裝飾 / 背景 / 雲,True,701,173,173,0,,unverifiedPrivateIds
tool_358,瓦礫,裝飾 / 背景 / 瓦礫,True,703,173,173,0,,unverifiedPrivateIds
tool_360,建築物,裝飾 / 背景 / 建築物,True,707,173,173,0,,unverifiedPrivateIds
tool_361,蕾絲,裝飾 / 服飾 / 蕾絲,True,673,173,173,0,,unverifiedPrivateIds
tool_364,金屬鍊,裝飾 / 服飾 / 金屬鍊,True,679,173,173,0,,unverifiedPrivateIds
tool_367,鎖鏈,裝飾 / 服飾 / 鎖鏈,True,685,174,174,0,,unverifiedPrivateIds
tool_368,串珠飾品,裝飾 / 服飾 / 串珠飾品,True,687,173,173,0,,unverifiedPrivateIds
tool_369,2網柔軟,裝飾 / 網格線、沙粒 / 2網柔軟,True,667,173,173,0,,unverifiedPrivateIds
tool_370,淡網格線,裝飾 / 網格線、沙粒 / 淡網格線,True,669,173,173,0,,unverifiedPrivateIds
tool_377,拉鍊,裝飾 / 服飾 / 拉鍊,True,719,174,174,0,,unverifiedPrivateIds
tool_378,鉛筆,鉛筆 / 鉛筆 / 鉛筆,True,721,181,181,0,,unverifiedPrivateIds
tool_379,自動鉛筆,鉛筆 / 鉛筆 / 自動鉛筆,True,723,181,181,0,,unverifiedPrivateIds
tool_380,炭筆,鉛筆 / 粉彩 / 炭筆,True,725,179,179,0,,unverifiedPrivateIds
tool_381,蠟筆,鉛筆 / 粉彩 / 蠟筆,True,727,179,179,0,,unverifiedPrivateIds
tool_382,粉彩,鉛筆 / 粉彩 / 粉彩,True,729,179,179,0,,unverifiedPrivateIds
tool_383,粉筆,鉛筆 / 粉彩 / 粉筆,True,731,179,179,0,,unverifiedPrivateIds
tool_384,水彩平筆,毛筆 / 水彩 / 水彩平筆,True,733,181,181,0,,unverifiedPrivateIds
tool_386,紙質不透明水彩,毛筆 / 厚塗 / 紙質不透明水彩,True,737,179,179,0,,unverifiedPrivateIds
tool_387,油彩,毛筆 / 厚塗 / 油彩,True,739,179,179,0,,unverifiedPrivateIds
tool_389,點畫,毛筆 / 厚塗 / 點畫,True,743,178,178,0,,unverifiedPrivateIds
tool_391,粗糙墨筆,毛筆 / 墨 / 粗糙墨筆,True,747,179,179,0,,unverifiedPrivateIds
tool_392,濃淡,毛筆 / 墨 / 濃淡,True,749,179,179,0,,unverifiedPrivateIds
tool_393,亮片,裝飾 / 效果・演出 / 亮片,True,751,172,172,0,,unverifiedPrivateIds
tool_394,葉片,裝飾 / 背景 / 葉片,True,753,173,173,0,,unverifiedPrivateIds
tool_395,書本,裝飾 / 背景 / 書本,True,755,173,173,0,,unverifiedPrivateIds
tool_396,樸素荷葉邊,裝飾 / 服飾 / 樸素荷葉邊,True,757,173,173,0,,unverifiedPrivateIds
tool_397,編織繩,裝飾 / 服飾 / 編織繩,True,759,174,174,0,,unverifiedPrivateIds
tool_398,鈕扣,裝飾 / 服飾 / 鈕扣,True,761,173,173,0,,unverifiedPrivateIds
tool_399,黑沙粒,裝飾 / 網格線、沙粒 / 黑沙粒,True,763,173,173,0,,unverifiedPrivateIds
tool_400,扁形記號筆,沾水筆 / 麥克筆 / 扁形記號筆,True,765,173,173,0,,unverifiedPrivateIds
tool_401,水彩圓筆,毛筆 / 水彩 / 水彩圓筆,True,769,178,178,0,,unverifiedPrivateIds
tool_402,濕潤水彩,毛筆 / 水彩 / 濕潤水彩,True,773,181,181,0,,unverifiedPrivateIds
tool_403,厚塗油彩,毛筆 / 厚塗 / 厚塗油彩,True,771,181,181,0,,unverifiedPrivateIds
tool_404,自來水毛筆,毛筆 / 墨 / 自來水毛筆,True,767,181,181,0,,unverifiedPrivateIds
tool_406,歪斜,歪斜 / 歪斜 / 歪斜,True,775,16,11,5,LiquifyOperation LiquifyStrength LiquifyStrengthEffector LiquifyDensity LiquifyReferDraggedArea,unverifiedPrivateIds
tool_409,粗糙沾水笔,沾水筆 / 沾水筆 / 粗糙沾水笔,True,828,180,180,0,,unverifiedPrivateIds
tool_410,动态橡皮擦,橡皮擦 / 橡皮擦 / 动态橡皮擦,True,830,179,179,0,,unverifiedPrivateIds
tool_411,沿着线稿选择,選擇範圍 / 選擇範圍 / 沿着线稿选择,False,832,14,4,10,ShapeEnableSnap SelectCreateType SelectMoveImage SelectUseSnap SelectSnapSize SelectSnapSizeUnit SelectSnapOffCondition SelectSnapToVectorCenter SelectOperationMethod ShapeSavedVer4,unverifiedPrivateIds
tool_412,圆形文本,文字 / 文字 / 圆形文本,False,834,66,0,66,TextFontUniqueName TextFontName TextFontSize TextFontStyle TextLineSpace TextVertical TextAlignment TextTateChuYoko TextRubySize TextWordSpace TextEnableHandle TextFastPreview TextInsertType TextOutlineEnable TextOutline TextLineSpacePercent TextLineSpaceType TextRubyFontName TextRubyAlignment TextRubyPosition TextRubyDistance TextRubyWordSpaceJustify TextRubyWordSpace TextAntiAlias TextColorType TextColorBlue TextColorGreen TextColorRed TextHorizontalRatio TextVerticalRatio TextTsume TextAlternateHalfMetrics TextWrapping TextTextAlignment TextBackgroundEnabled TextBackgroundColorRed TextBackgroundColorGreen TextBackgroundColorBlue TextBackgroundAlpha TextEdgeEnabled TextEdgeWidth TextEdgeWidthUnit TextEdgeColorRed TextEdgeColorGreen TextEdgeColorBlue TextTransformType TextFixAspect TextDragOperationType TextToolPropertyKind TextSelectType TextRotation TextHorizontalSkewAngle TextVerticalSkewAngle TextHorizontalReverse TextVerticalReverse TextStandardLigature TextVersion TextAlignmentJustify TextKerningMethod TextLayoutCircularEnabled TextLayoutCircularRadius TextLayoutCircularDirection TextLayoutCircularJustify TextContextualAlternate TextLatestVersion ObjectUseSnap,unverifiedPrivateIds
tool_413,粗矩形格子,分格邊框 / 製作分格 / 粗矩形格子,True,840,130,105,25,ShapeStartCenter ShapeEnableSnap ShapeLockAngle ShapeLockAngleStep RotateShape FixedShapeKind FixedShapeVertexNumber FixedShapeUseAspect FixedShapeAspectType FixedShapeWidth FixedShapeWidthUnit FixedShapeHeight FixedShapeHeightUnit FixedShapeWidthRate FixedShapeHeightRate ComicFrameMakeBaseLayer ComicFrameMakeFillLayer ComicFrameDrawLine FixedShapeUseRoundCorner FixedShapeRoundSize FixedShapeRoundSizeUnit FixedShapeRoundRate FixedShapeRoundValueType ComicFrameInsertType ShapeSavedVer4,unverifiedPrivateIds
tool_414,粗圆角对白框,對白框 / 對白框 / 粗圆角对白框,True,836,139,105,34,ShapeStartCenter ShapeEnableSnap ShapeLockAngle ShapeLockAngleStep RotateShape FixedShapeKind FixedShapeVertexNumber FixedShapeUseAspect FixedShapeAspectType FixedShapeWidth FixedShapeWidthUnit FixedShapeHeight FixedShapeHeightUnit FixedShapeWidthRate FixedShapeHeightRate ShapeStrokeAndFillType ShapeLineColorType ShapeLineColorRed ShapeLineColorGreen ShapeLineColorBlue ShapeFillColorType ShapeFillColorRed ShapeFillColorGreen ShapeFillColorBlue BalloonInsertType FixedShapeUseRoundCorner FixedShapeRoundSize FixedShapeRoundSizeUnit FixedShapeRoundRate FixedShapeRoundValueType BalloonTone BalloonFillOpacity BalloonUniteText ShapeSavedVer4,unverifiedPrivateIds
tool_415,矩形对白框,對白框 / 對白框 / 矩形对白框,True,838,138,104,34,ShapeStartCenter ShapeEnableSnap ShapeLockAngle ShapeLockAngleStep RotateShape FixedShapeKind FixedShapeVertexNumber FixedShapeUseAspect FixedShapeAspectType FixedShapeWidth FixedShapeWidthUnit FixedShapeHeight FixedShapeHeightUnit FixedShapeWidthRate FixedShapeHeightRate ShapeStrokeAndFillType ShapeLineColorType ShapeLineColorRed ShapeLineColorGreen ShapeLineColorBlue ShapeFillColorType ShapeFillColorRed ShapeFillColorGreen ShapeFillColorBlue BalloonInsertType FixedShapeUseRoundCorner FixedShapeRoundSize FixedShapeRoundSizeUnit FixedShapeRoundRate FixedShapeRoundValueType BalloonTone BalloonFillOpacity BalloonUniteText ShapeSavedVer4,unverifiedPrivateIds
